	identifier	created	modified	size	species	nauthors	ecephys	ophys	icephys	numberOfSubjects	numberOfFiles	has_related_pub
0	000003	2020-03-15 22:56:55.655000+00:00	2020-11-06 17:20:30.673000+00:00	2559248010229	House mouse	3	True	False	False	16.0	101	True
1	000004	2020-03-16 21:48:04.265000+00:00	2020-10-03 07:01:25.356000+00:00	6197474020	Human	13	True	False	False	59.0	87	True
2	000005	2020-03-16 22:52:44.757000+00:00	2020-04-09 20:59:35.377000+00:00	46436686324	House mouse	4	True	False	True	55.0	148	True
3	000006	2020-03-17 13:30:38.667000+00:00	2020-04-09 21:00:01.759000+00:00	139600500	House mouse	2	True	False	False	12.0	53	True
4	000007	2020-03-17 15:01:40.811000+00:00	2022-11-22 00:21:36.001459+00:00	199439472	House mouse	8	True	False	False	13.0	54	True
5	000008	2020-03-17 18:20:55.694000+00:00	2021-07-06 12:50:34.290153+00:00	11922334254	House mouse	17	False	False	True	266.0	1328	True
6	000009	2020-03-18 20:26:50.059000+00:00	2020-04-09 21:00:26.423000+00:00	12919706852	House mouse	6	True	False	True	31.0	173	True
7	000010	2020-03-19 15:44:00.241000+00:00	2022-11-22 00:21:11.515608+00:00	40006570644	House mouse	5	True	True	False	23.0	158	True
8	000011	2020-03-19 16:07:28.472000+00:00	2020-04-09 21:01:42.210000+00:00	32435325542	House mouse	4	True	False	False	19.0	92	True
9	000012	2020-03-19 16:21:49.854000+00:00	2020-05-27 16:58:00.574000+00:00	487524911	Human	2	False	False	True	4.0	297	False
10	000013	2020-03-19 16:26:21.576000+00:00	2020-12-05 18:02:25.212000+00:00	11408735292	House mouse	5	False	False	True	23.0	52	True
11	000015	2020-03-19 17:22:51.212000+00:00	2020-04-10 14:57:48.649000+00:00	17159727736	House mouse	4	False	True	False	6.0	210	True
12	000016	2020-03-19 19:10:05.697000+00:00	2020-12-05 18:04:23.533000+00:00	62572042499		2	False	True	False	4.0	135	True
13	000017	2020-03-19 20:04:34.727000+00:00	2020-12-05 18:05:08.353000+00:00	14682586049	House mouse	5	True	False	False	10.0	39	True
14	000019	2020-04-22 15:04:04.005000+00:00	2020-04-23 14:07:11.844000+00:00	55585858956	Human	2	True	False	False	4.0	31	True
15	000020	2020-04-30 00:53:01.664000+00:00	2023-03-10 20:03:31.536451+00:00	141856436428	House mouse	1	False	False	False	1040.0	4435	False
16	000021	2020-05-26 16:47:47.341000+00:00	2020-06-26 21:58:33.011000+00:00	477562344354	House mouse	8	True	False	False	32.0	214	False
17	000022	2020-05-26 16:48:28.855000+00:00	2020-06-26 21:57:39.972000+00:00	374956840341	House mouse	8	True	False	False	26.0	169	False
18	000023	2020-05-26 19:01:32.401000+00:00	2021-07-01 17:20:26.666434+00:00	12401578899	Human	2	False	False	False	56.0	318	False
19	000025	2020-06-18 13:11:33.895000+00:00	2021-12-01 17:45:04.584529+00:00	13664814	Rat	0	False	False	True	1.0	1	False
20	000027	2020-07-08 21:54:42.543000+00:00	2022-01-17 16:22:43.888215+00:00	18792	Rat	1	False	False	False	1.0	1	False
21	000028	2020-07-26 21:11:42.917000+00:00	2020-12-05 18:13:12.117000+00:00	42942229688	House mouse	0	True	False	False	2.0	3	False
22	000029	2020-07-31 16:44:32.094000+00:00	2024-09-20 17:14:24.169683+00:00	39011876	Rhesus monkey	3	True	False	False	5.0	5	False
23	000034	2020-08-05 16:05:49.220000+00:00	2023-02-07 13:50:56.620496+00:00	74351014076	House mouse	7	True	False	False	4.0	6	True
24	000035	2020-08-07 16:00:21.992000+00:00	2021-08-13 16:43:25.782853+00:00	1656166654	House mouse	18	False	False	True	8.0	185	True
25	000036	2020-08-18 08:05:48.731000+00:00	2023-06-07 21:39:40.590030+00:00	79771339536		2	False	True	False	9.0	57	False
26	000037	2020-08-25 20:45:51.826000+00:00	2023-06-07 21:39:52.309367+00:00	2484974036912	House mouse	5	False	True	False	13.0	151	True
27	000039	2020-09-12 16:39:16.192000+00:00	2023-02-23 12:13:15.439193+00:00	22607247880	House mouse	2	True	True	False	32.0	100	True
28	000041	2020-10-05 16:18:52.896000+00:00	2021-02-04 21:30:12.812000+00:00	154863459017	Rat	5	True	False	False	10.0	22	True
29	000043	2020-11-05 22:45:59.109000+00:00	2020-12-05 18:32:36.151000+00:00	3271279661	House mouse	4	False	False	False	22.0	94	False
30	000044	2020-11-14 23:49:43.396000+00:00	2020-12-05 18:34:22.305000+00:00	65708919583	Rat	2	True	False	False	4.0	8	True
31	000045	2020-11-17 13:49:29.314000+00:00	2021-12-09 14:14:09.233523+00:00	97844923040	House mouse	0	False	False	False	178.0	6615	True
32	000048	2020-12-08 20:01:18.361000+00:00	2021-04-05 13:04:23.232000+00:00	590267164		12	True	True	False	1.0	1	False
33	000049	2020-12-10 16:33:45.474000+00:00	2023-02-23 14:20:47.875976+00:00	22211886496	House mouse	2	True	True	False	27.0	78	False
34	000050	2020-12-10 18:05:06.949000+00:00	2022-10-03 19:16:00.945539+00:00	26372579632	House mouse	0	True	True	False	18.0	56	False
35	000051	2020-12-21 16:07:31.227000+00:00	2020-12-21 16:07:31.228000+00:00	585926072	Human	0	False	False	False	1.0	1	False
36	000053	2020-12-22 18:29:52.301000+00:00	2021-04-27 14:33:20.572614+00:00	1393128766605	House mouse	7	True	False	False	34.0	359	True
37	000054	2021-01-08 01:41:37.563000+00:00	2021-01-15 18:35:01.693000+00:00	1959122435577	House mouse	2	False	True	False	10.0	85	True
38	000055	2021-01-08 22:39:31.075000+00:00	2021-01-13 03:36:28.910000+00:00	845869698341	Human	6	True	False	False	12.0	55	True
39	000056	2021-01-25 20:20:10.836000+00:00	2021-01-25 20:24:17.701000+00:00	207733008367	House mouse	4	True	False	False	7.0	40	True
40	000059	2021-02-21 20:41:43.356000+00:00	2024-02-25 14:24:16.009056+00:00	2935390229648	Rat	3	True	False	False	5.0	100	True
41	000060	2021-03-11 23:35:18.872000+00:00	2021-03-12 04:54:48.431000+00:00	1009087545	House mouse	2	True	False	False	9.0	98	False
42	000061	2021-03-17 17:56:38.739000+00:00	2021-03-17 17:57:31.239000+00:00	1952634651805	Rat	3	True	False	False	4.0	40	True
43	000064	2021-04-06 18:52:24.402000+00:00	2021-04-06 18:52:24.403000+00:00	218366752		3	False	False	False	1.0	1	False
44	000067	2021-04-19 17:30:57.429000+00:00	2021-04-19 17:30:57.431000+00:00	94565736755	Rat	4	True	False	False	3.0	28	True
45	000068	2021-04-23 17:21:24.766850+00:00	2021-04-23 17:21:43.761529+00:00	362448		0	False	False	True	1.0	2	False
46	000070	2021-05-05 10:28:31.757937+00:00	2024-07-23 20:56:17.615127+00:00	53340156657	Rhesus monkey	8	True	False	False	2.0	9	True
47	000107	2021-05-18 16:07:40.840082+00:00	2021-05-18 16:07:40.840105+00:00	39294842		0	False	False	False		1	False
48	000109	2021-06-08 00:45:52.383457+00:00	2021-07-01 17:20:38.718698+00:00	14212577893	Human	2	False	False	False	39.0	350	False
49	000114	2021-06-28 15:06:36.176036+00:00	2023-11-21 20:53:05.321412+00:00	387202363343	House mouse	27	True	False	False	11.0	30	True
50	000115	2021-07-09 01:01:19.688366+00:00	2021-07-09 01:01:19.688382+00:00	9103698757665	Rat	8	True	False	False	4.0	57	False
51	000117	2021-07-13 19:06:05.462828+00:00	2021-07-13 19:06:05.462855+00:00	142552658		1	False	False	True	197.0	197	False
52	000122	2021-08-05 13:29:28.558867+00:00	2021-08-19 11:36:46.377158+00:00	49898320		1	False	False	False	5.0	5	True
53	000126	2021-08-12 18:14:16.760000+00:00	2021-08-12 18:14:16.760028+00:00	167058036	House mouse	1	False	False	False	2.0	5	False
54	000127	2021-08-15 01:09:15.272889+00:00	2021-08-15 01:09:15.272923+00:00	1823368810	Rhesus monkey	3	True	False	False	1.0	2	True
55	000128	2021-08-21 19:26:10.452709+00:00	2021-08-21 19:26:10.452732+00:00	694004935	Rhesus monkey	3	True	False	False	1.0	2	True
56	000129	2021-08-21 19:27:11.638113+00:00	2021-08-21 19:27:11.638155+00:00	50965512	Rhesus monkey	2	True	False	False	1.0	2	True
57	000130	2021-08-21 19:29:11.649012+00:00	2021-08-21 19:29:11.649061+00:00	15673496	Rhesus monkey	3	True	False	False	1.0	2	True
58	000138	2021-09-02 20:21:22.271044+00:00	2021-09-02 20:21:22.271081+00:00	149392888	Rhesus monkey	3	True	False	False	1.0	2	True
59	000139	2021-09-02 20:21:55.567096+00:00	2021-09-02 20:21:55.567119+00:00	77300692	Rhesus monkey	3	True	False	False	1.0	2	True
60	000140	2021-09-02 20:22:27.360405+00:00	2021-09-02 20:22:27.360445+00:00	29896840	Rhesus monkey	3	True	False	False	1.0	2	True
61	000142	2021-09-23 23:50:31.083146+00:00	2022-08-11 17:11:55.132018+00:00	26800026646	Human	4	False	False	False	68.0	717	False
62	000144	2021-10-08 19:19:23.708807+00:00	2021-10-08 19:19:23.708841+00:00	589064856		1	False	True	False	1.0	2	False
63	000147	2021-10-13 22:14:45.568140+00:00	2021-10-13 22:14:45.568183+00:00	77665528	Human	4	True	False	False	1.0	10	True
64	000148	2021-10-18 23:48:14.811581+00:00	2021-10-19 17:43:24.057165+00:00	929635440	House mouse	3	False	False	True	46.0	46	False
65	000149	2021-10-21 10:37:50.095204+00:00	2021-12-02 16:54:18.493632+00:00	1980839948948	House mouse	0	True	False	False	4.0	4	False
66	000165	2021-11-03 02:14:45.726691+00:00	2021-11-03 02:14:45.726729+00:00	98043538088	House mouse	13	True	False	False	64.0	572	False
67	000166	2021-11-06 18:16:55.568418+00:00	2021-11-06 18:25:15.519263+00:00	787191910918	House mouse	3	True	False	False	19.0	19	True
68	000167	2021-11-10 22:38:18.542708+00:00	2024-07-01 21:33:48.420753+00:00	1218408045	House mouse	3	False	True	False	5.0	6	False
69	000168	2021-11-11 20:09:32.963320+00:00	2021-11-11 20:09:32.963376+00:00	1379111602445	House mouse	7	False	True	True	30.0	170	False
70	000173	2021-12-07 19:25:31.840248+00:00	2022-08-20 17:17:24.088065+00:00	240963992	Rat	4	True	False	False	30.0	118	False
71	000206	2021-12-14 19:06:13.686855+00:00	2021-12-14 19:17:51.171000+00:00	118359600	House mouse	3	False	False	False	1.0	1	False
72	000207	2021-12-21 01:33:38.414453+00:00	2022-07-21 18:33:49.966938+00:00	50310106	Human	10	True	False	False	19.0	19	True
73	000209	2021-12-21 19:50:19.326743+00:00	2022-08-11 17:59:35.649466+00:00	11109213211	Human	4	False	False	False	67.0	291	False
74	000212	2021-12-31 18:54:00.660372+00:00	2022-01-01 00:22:01.664163+00:00	9004401256	Fruit fly	2	False	False	False	1097.0	1013	False
75	000213	2022-01-11 21:16:19.103724+00:00	2022-04-15 01:30:50.550037+00:00	1527009268863	Rat	2	True	False	False	5.0	67	True
76	000217	2022-01-20 03:12:02.773640+00:00	2022-01-20 20:25:32.841296+00:00	2152038728	House mouse	14	False	False	False	25.0	1121	False
77	000218	2022-01-23 15:42:50.388823+00:00	2022-04-15 01:30:30.844404+00:00	1512863479850	Rat	2	True	False	False	6.0	98	True
78	000219	2022-01-25 13:01:59.537848+00:00	2022-01-27 14:47:57.103519+00:00	73147035938	House mouse	1	False	True	False	35.0	62	False
79	000220	2022-01-25 13:48:47.136905+00:00	2022-01-25 13:50:24.008191+00:00	1202846808	House mouse	3	False	False	False	34.0	34	False
80	000221	2022-02-01 22:09:59.213627+00:00	2022-02-01 22:09:59.213658+00:00	4422550232	House mouse	3	True	False	False	44.0	263	False
81	000223	2022-02-15 13:41:48.719458+00:00	2022-02-15 21:10:09.072984+00:00	84273722669	Rat	5	True	True	False	10.0	20	False
82	000226	2022-03-21 12:35:09.864743+00:00	2022-03-23 08:41:21.875084+00:00	13745152235	House mouse	8	True	False	False	43.0	60	True
83	000228	2022-03-30 17:27:56.819855+00:00	2022-03-30 22:04:20.177919+00:00	5816158527	Human	5	False	False	True	64.0	91	False
84	000230	2022-04-04 10:16:48.259130+00:00	2022-05-02 07:32:49.997889+00:00	244968456	House mouse	9	True	False	False	2.0	9	False
85	000231	2022-04-06 14:03:13.712605+00:00	2022-04-06 14:03:13.712627+00:00	1996516623953	House mouse	1	True	False	False	15.0	4228	False
86	000232	2022-04-11 15:37:16.661978+00:00	2022-04-11 15:46:25.482524+00:00	23585285354	House mouse	4	True	False	False	18.0	179	False
87	000233	2022-04-15 01:15:44.204424+00:00	2022-04-15 01:16:00.377964+00:00	12320920243380	Rat	5	True	False	False	25.0	345	True
88	000235	2022-04-16 22:41:44.593075+00:00	2022-04-16 22:41:44.593130+00:00	30614343676	Zebrafish	2	False	True	False	8.0	8	False
89	000236	2022-04-16 22:43:22.902984+00:00	2022-04-16 22:43:22.903016+00:00	39306115613	Zebrafish	2	False	True	False	9.0	9	False
90	000237	2022-04-16 22:44:59.032387+00:00	2022-08-31 21:14:34.908463+00:00	30057962408	Zebrafish	1	False	True	False	8.0	8	False
91	000238	2022-04-16 22:46:04.756411+00:00	2022-04-16 22:46:04.756441+00:00	25911936112	Zebrafish	2	False	True	False	6.0	6	False
92	000239	2022-04-21 13:39:44.869169+00:00	2022-04-21 13:42:56.378331+00:00	11769901909	House mouse	7	True	False	False	33.0	754	True
93	000244	2022-05-09 20:37:01.714202+00:00	2022-05-31 22:22:08.705130+00:00	1068310244612	House mouse	1	False	True	False	25.0	33	False
94	000245	2022-05-10 10:26:55.253343+00:00	2022-05-10 11:27:25.206222+00:00	408910387	House mouse	2	False	False	True	25.0	25	False
95	000246	2022-05-10 13:48:03.201306+00:00	2022-05-10 14:57:02.023062+00:00	2134855240972	House mouse	1	False	True	False	146.0	1027	False
96	000247	2022-05-12 10:51:30.664184+00:00	2023-03-28 16:20:02.786133+00:00	30300179800	Fruit fly	2	False	False	False	158.0	194	False
97	000248	2022-05-17 21:44:37.654103+00:00	2024-05-02 21:44:34.432413+00:00	186040629095	House mouse	27	True	False	False	12.0	78	False
98	000249	2022-05-18 13:58:54.819909+00:00	2022-05-28 13:11:13.827382+00:00	97968237237	House mouse	7	False	True	False	54.0	777	True
99	000250	2022-05-19 18:31:17.877702+00:00	2023-03-28 16:17:29.615919+00:00	100324608	Fruit fly	2	False	False	False	3.0	3	False
100	000251	2022-05-23 20:41:16.503656+00:00	2022-05-25 16:00:56.162226+00:00	2170119624	House mouse	11	True	False	False	53.0	513	False
101	000252	2022-05-29 15:58:08.867753+00:00	2022-05-29 15:58:08.867772+00:00	38128728	Human	4	True	False	False	2.0	12	True
102	000253	2022-06-10 22:31:41.258881+00:00	2024-10-01 20:13:33.278453+00:00	679753396585	House mouse	25	True	False	False	14.0	98	False
103	000288	2022-06-28 06:19:13.950846+00:00	2022-07-01 22:59:43.030323+00:00	1049737334	Human	6	False	False	True	12.0	36	False
104	000289	2022-06-29 17:26:03.175597+00:00	2024-07-19 15:52:00.871046+00:00	761176077983	Fruit fly	2	False	True	False	66.0	221	False
105	000292	2022-07-07 21:28:23.171592+00:00	2022-07-07 21:28:23.171619+00:00	13764872	House mouse	4	False	False	True	11.0	11	False
106	000293	2022-07-07 22:15:44.727530+00:00	2022-07-08 16:52:17.984741+00:00	234976142	Human	4	False	False	True	201.0	121	False
107	000294	2022-07-15 11:27:46.490921+00:00	2022-07-15 11:27:46.490941+00:00	18173614543	Rat	12	True	False	True	2.0	2	False
108	000295	2022-07-20 09:51:43.692134+00:00	2022-07-20 09:58:55.016487+00:00	476091831	House mouse	2	False	False	True	26.0	26	False
109	000296	2022-07-20 15:15:55.421980+00:00	2022-07-20 15:41:33.513937+00:00	745311363665	Fruit fly	1	False	True	False	1188.0	1278	False
110	000297	2022-07-26 00:46:20.877977+00:00	2022-07-26 00:46:20.877995+00:00	231099211	Human	4	False	False	True	197.0	118	False
111	000299	2022-07-28 18:27:25.144853+00:00	2022-07-28 19:30:12.360763+00:00	232448	Rat	1	True	False	False	1.0	1	False
112	000301	2022-08-30 15:42:02.261574+00:00	2023-08-06 00:40:43.194543+00:00	29683186079	House mouse	2	True	False	False	14.0	14	False
113	000302	2022-09-03 00:50:42.699603+00:00	2023-05-04 11:13:48.596087+00:00	1078714284	House mouse	1	True	False	False	12.0	32	False
114	000337	2022-09-18 05:53:58.949542+00:00	2022-09-18 05:53:58.949566+00:00	1532057791	Human	1	False	False	True	12.0	21	False
115	000338	2022-09-24 11:52:04.496163+00:00	2022-09-24 11:52:04.496184+00:00	740232574	Rhesus monkey	1	False	False	False	2.0	2	False
116	000339	2022-09-26 20:33:09.788694+00:00	2023-09-14 18:58:34.943156+00:00	64243853984	Rat	4	True	False	False	30.0	66	False
117	000341	2022-09-29 09:00:51.120962+00:00	2022-09-29 09:01:51.498890+00:00	711580684440	Rat	2	False	False	True	310.0	787	False
118	000347	2022-10-21 20:33:12.034944+00:00	2022-10-21 20:33:12.034974+00:00	26039386048	Pig-tailed macaque	1	False	True	False	3.0	9	False
119	000350	2022-10-30 19:50:01.557863+00:00	2024-08-22 17:59:12.154669+00:00	5865794202897	Zebrafish	11	False	True	False	12.0	12	True
120	000351	2022-11-04 18:47:21.880790+00:00	2022-11-04 18:47:21.880811+00:00	98548166664	House mouse	9	False	False	False	28.0	428	False
121	000362	2022-11-16 18:09:13.418874+00:00	2022-11-16 18:09:13.418906+00:00	397456462638	House mouse	1	False	True	True	11.0	52	False
122	000363	2022-11-22 00:16:37.650241+00:00	2023-10-05 20:15:16.926711+00:00	65700262850745	House mouse	4	True	False	False	28.0	174	False
123	000397	2022-11-29 20:11:25.048041+00:00	2022-12-01 16:24:22.794821+00:00	24071283109	Human	15	True	False	False	3.0	3	True
124	000398	2022-12-02 19:20:44.950087+00:00	2024-07-05 19:01:34.362888+00:00	61125796879	House mouse	16	True	False	False	5.0	42	False
125	000399	2022-12-11 06:15:01.030408+00:00	2022-12-11 06:15:01.030435+00:00	86582248	House mouse	1	True	False	False	19.0	105	False
126	000402	2023-01-04 10:47:01.770484+00:00	2023-11-07 23:01:32.674712+00:00	1347665448061	House mouse	76	False	True	False	1.0	19	True
127	000404	2023-01-12 06:00:12.941755+00:00	2023-06-05 20:23:08.326292+00:00	1046740856	Rhesus monkey	6	False	False	False	2.0	13	False
128	000405	2023-01-12 22:33:15.332269+00:00	2023-01-12 22:33:15.332286+00:00	3877487528	Rat	1	False	False	False	5.0	276	False
129	000408	2023-01-30 20:19:43.718103+00:00	2024-05-09 17:00:40.268127+00:00	44500560	Rat	3	False	False	False	3.0	228	False
130	000409	2023-01-31 21:47:46.772688+00:00	2024-09-29 17:25:36.464925+00:00	33883982375637	House mouse	44	True	False	False	115.0	1576	True
131	000410	2023-02-07 02:10:45.942699+00:00	2023-09-05 22:27:22.299663+00:00	2802041975041	Rat	1	True	False	False	5.0	22	False
132	000411	2023-02-14 07:47:55.546111+00:00	2023-02-14 07:47:55.546128+00:00	232080	House mouse	1	True	False	False	1.0	1	False
133	000447	2023-02-17 18:04:07.516903+00:00	2023-02-17 18:04:07.516927+00:00	35480039952	Rat	3	True	False	False	5.0	5	True
134	000448	2023-02-17 18:25:05.767450+00:00	2023-03-15 16:22:11.774801+00:00	3173065152	Chinese hamster	4	False	False	False	18.0	18	False
135	000454	2023-03-02 21:52:11.686223+00:00	2023-03-02 23:05:04.788892+00:00	7401238168	House mouse	5	False	True	False	5.0	4	False
136	000458	2023-03-16 16:02:14.771820+00:00	2023-03-16 16:02:14.771845+00:00	361482309556	House mouse	7	True	False	False	23.0	24	True
137	000461	2023-03-18 15:51:51.664534+00:00	2023-03-19 00:42:42.551840+00:00	23369106	Dog	1	False	True	False	12.0	14	False
138	000462	2023-03-19 16:29:58.786560+00:00	2023-04-12 15:22:16.596405+00:00	6494591109	House mouse	1	False	False	False	14.0	14	False
139	000463	2023-03-23 01:45:58.892864+00:00	2023-09-18 18:14:32.875365+00:00	64199969632	Rat	4	True	False	False	4.0	29	False
140	000465	2023-03-24 01:50:09.368401+00:00	2023-05-25 04:49:41.133381+00:00	129066795249	Rat	1	True	False	False	4.0	36	False
141	000467	2023-03-27 19:57:24.404459+00:00	2023-07-03 14:50:22.779498+00:00	1262490250560	Clonal raider ant	1	False	True	False	22.0	14685	False
142	000469	2023-03-30 17:37:36.429935+00:00	2023-07-17 23:19:47.858875+00:00	9788560252	Human	8	True	False	False	21.0	41	False
143	000470	2023-04-02 10:24:42.776758+00:00	2023-04-02 10:24:42.776782+00:00	128199784	House mouse	1	False	False	False	1.0	1	False
144	000472	2023-04-06 19:58:28.232167+00:00	2024-02-01 18:24:48.985537+00:00	18442605394	C. elegans	5	False	True	False	10.0	10	False
145	000473	2023-04-12 14:12:01.809823+00:00	2023-04-12 14:12:01.809848+00:00	113558681447	House mouse	18	True	False	False	25.0	25	False
146	000481	2023-04-17 18:35:01.452343+00:00	2023-04-17 18:35:01.452360+00:00	6457880	Rabbit	1	True	False	False	1.0	2	False
147	000482	2023-04-18 02:06:34.582548+00:00	2023-04-18 02:26:07.197958+00:00	79941664	Rabbit	1	True	False	False	1.0	1	False
148	000483	2023-04-20 14:24:50.438334+00:00	2023-04-21 21:44:53.466059+00:00	695653683544	House mouse	2	False	True	False	20.0	128	False
149	000485	2023-04-20 20:32:52.514093+00:00	2023-04-20 20:32:52.514116+00:00	1299698178	Zebrafish	1	False	False	False	37.0	37	False
150	000488	2023-04-21 17:07:16.030644+00:00	2023-06-07 21:39:21.888674+00:00	61460302104	House mouse	5	False	True	False	14.0	43	False
151	000489	2023-04-21 18:50:06.335247+00:00	2023-04-21 18:50:06.335264+00:00	18594422294	Cattle	4	False	False	False	18.0	18	False
152	000491	2023-04-26 03:36:47.214653+00:00	2023-04-26 13:18:19.364750+00:00	5324803662	House mouse	4	False	True	False	9.0	14	False
153	000529	2023-05-03 19:36:12.264986+00:00	2023-05-03 19:36:12.265002+00:00	5265108	Rat	1	False	False	False	3.0	27	False
154	000535	2023-05-09 23:58:56.843461+00:00	2023-06-07 21:39:05.689189+00:00	6827396992	House mouse	6	False	True	False	15.0	115	False
155	000537	2023-05-10 13:47:21.630926+00:00	2023-05-10 20:04:34.720627+00:00	6440628584	Human	3	False	False	False	125.0	125	False
156	000538	2023-05-10 16:43:21.402593+00:00	2023-05-10 20:04:57.323867+00:00	1954273200	Human	3	False	False	False	11.0	11	False
157	000540	2023-05-11 21:01:04.628860+00:00	2023-05-11 21:01:04.628878+00:00	1003937347960	Rat	3	False	False	False	33.0	990	False
158	000541	2023-05-12 00:36:15.913485+00:00	2024-02-01 18:24:34.648554+00:00	30525162874	C. elegans	9	False	True	False	21.0	21	False
159	000544	2023-05-14 11:40:20.181078+00:00	2023-05-14 11:40:20.181095+00:00	971759812	House mouse	1	True	False	False	2.0	3	False
160	000545	2023-05-14 13:14:33.442291+00:00	2023-05-14 13:14:33.442311+00:00	190704	House mouse	1	False	False	False	1.0	1	False
161	000546	2023-05-15 16:19:45.680866+00:00	2023-05-15 16:19:45.680883+00:00	7785862944	House mouse	1	True	False	False	1.0	1	False
162	000547	2023-05-17 14:28:04.954369+00:00	2023-08-01 19:17:14.269910+00:00	17585558608	House mouse	7	False	True	False	9.0	70	False
163	000548	2023-05-18 19:57:30.449061+00:00	2023-05-18 19:57:30.449081+00:00	19823052053	Cattle	4	False	False	False	19.0	19	False
164	000549	2023-05-19 18:40:04.279670+00:00	2023-05-19 18:40:04.279688+00:00	40412790236	Cattle	4	False	False	False	25.0	26	False
165	000550	2023-05-19 19:34:37.088796+00:00	2023-05-19 19:34:37.088818+00:00	23579017779	Cattle	4	False	False	False	17.0	17	False
166	000552	2023-05-23 17:23:37.163308+00:00	2023-05-23 17:34:19.127841+00:00	1545387836482	House mouse	5	True	False	False	17.0	117	True
167	000554	2023-05-31 12:15:43.584820+00:00	2023-05-31 12:15:43.584837+00:00	129066795249	Rat	1	True	False	False	4.0	36	False
168	000559	2023-06-09 17:30:08.811501+00:00	2023-12-10 16:16:54.103512+00:00	14753252327642	Human	25	False	False	False	69.0	4425	True
169	000565	2023-06-17 01:48:24.158039+00:00	2024-03-20 22:31:51.972802+00:00	46250221065	C. elegans	3	False	True	False	21.0	21	False
170	000566	2023-06-19 00:03:34.728513+00:00	2023-06-19 20:21:17.103854+00:00	631788071	Fruit fly	1	False	True	False	1.0	1	False
171	000568	2023-06-28 15:39:24.241528+00:00	2023-06-28 15:40:05.500042+00:00	904756915175	House mouse	5	True	False	False	4.0	138	True
172	000569	2023-06-28 23:52:27.567158+00:00	2023-07-05 17:43:05.182552+00:00	5622625870	Pigtail macaque	5	False	False	True	9.0	103	False
173	000570	2023-06-29 20:25:43.159623+00:00	2023-07-05 17:42:52.656910+00:00	4628300559	Human	6	False	False	True	58.0	155	False
174	000572	2023-07-03 20:17:43.540225+00:00	2023-08-26 01:38:04.558797+00:00	311812040462	House mouse	1	True	False	False	37.0	289	False
175	000574	2023-07-04 13:52:07.557094+00:00	2023-08-08 01:35:29.088030+00:00	138887036866	Human	7	True	False	False	9.0	43	True
176	000575	2023-07-04 17:07:21.531429+00:00	2023-08-08 01:35:11.352671+00:00	50794717628	Human	6	True	False	False	12.0	17	False
177	000576	2023-07-04 17:10:34.084138+00:00	2023-08-08 01:35:27.595838+00:00	2191651090	Human	7	True	False	False	9.0	11	True
178	000579	2023-07-10 21:58:09.569708+00:00	2023-07-21 20:06:56.359828+00:00	245591965505	House mouse	3	False	True	False	8.0	308	False
179	000582	2023-07-17 08:18:23.034598+00:00	2023-07-19 12:59:15.137970+00:00	1863054410	Rat	9	True	False	False	14.0	115	True
180	000615	2023-07-25 18:21:02.715482+00:00	2023-07-25 18:21:02.715508+00:00	7461406960	Procambarus clarkii - Red swamp crayfish	1	False	False	False	1.0	1	False
181	000618	2023-08-04 13:32:03.181333+00:00	2023-08-04 13:32:03.181357+00:00	145522643652	House mouse	9	True	False	False	4.0	124	False
182	000623	2023-08-31 18:13:43.895059+00:00	2024-01-30 20:30:16.845094+00:00	27744749325	Human	11	True	False	False	16.0	29	False
183	000624	2023-09-01 00:18:09.594806+00:00	2023-09-12 17:52:25.576100+00:00	131866973888	Rat	7	True	False	False	10.0	45	False
184	000625	2023-09-06 16:30:08.447291+00:00	2023-11-14 00:13:09.621247+00:00	74904128	House mouse	2	False	True	False	1.0	3	False
185	000626	2023-09-06 20:33:29.251788+00:00	2023-09-06 20:33:29.251804+00:00	18295752	Rhesus monkey	1	False	False	False	1.0	1	False
186	000628	2023-09-09 01:39:26.115969+00:00	2023-09-09 01:39:26.115992+00:00	52741296155	Rhesus monkey	4	False	False	False	13.0	2037	False
187	000629	2023-09-10 19:49:56.118436+00:00	2023-09-10 19:49:56.118454+00:00	16808409955494	Rat	5	True	False	False	4.0	114	False
188	000630	2023-09-13 20:50:35.329036+00:00	2023-09-13 20:57:50.067334+00:00	8073127848	Human	5	False	False	True	53.0	210	False
189	000631	2023-09-14 18:38:55.144430+00:00	2023-09-14 18:38:55.144454+00:00	18379955860	Cattle	4	False	False	False	15.0	15	False
190	000632	2023-09-14 19:01:32.791752+00:00	2023-09-14 19:01:32.791774+00:00	42744120707	Cattle	4	False	False	False	24.0	24	False
191	000633	2023-09-14 19:09:10.314783+00:00	2023-09-14 19:09:10.314806+00:00	2137420087	Cattle	4	False	False	False	2.0	2	False
192	000634	2023-09-14 19:16:36.468068+00:00	2023-09-14 19:16:36.468093+00:00	1035526841	Chinese hamster	4	False	False	False	10.0	10	False
193	000635	2023-09-15 20:41:36.876957+00:00	2023-09-19 16:59:41.767893+00:00	4707135438	Macaca nemestrina	5	False	False	True	8.0	81	False
194	000636	2023-09-15 22:22:19.423708+00:00	2023-09-15 22:42:25.910825+00:00	24473831989	Human	5	False	False	True	109.0	706	False
195	000637	2023-09-18 18:18:09.902793+00:00	2023-09-18 18:18:18.434411+00:00	1163422160	Rat	4	True	False	False	25.0	292	False
196	000638	2023-09-21 16:28:28.312615+00:00	2024-05-29 23:26:28.568424+00:00	1199530787667	House mouse	0	True	False	False	33.0	33	False
197	000640	2023-09-22 00:16:23.478717+00:00	2023-11-08 17:03:15.403469+00:00	30511569704	Rat	2	False	False	False	24.0	339	False
198	000673	2023-09-26 20:41:29.787964+00:00	2024-01-18 21:11:46.214641+00:00	23447043476	Human	11	True	False	False	36.0	44	False
199	000678	2023-10-03 18:14:28.045050+00:00	2023-10-03 18:14:28.045078+00:00	8108311416	House mouse	5	False	False	False	13.0	391	False
200	000683	2023-10-12 21:24:42.300639+00:00	2023-10-12 21:24:42.300660+00:00	31732204	House mouse	1	False	True	False	1.0	1	False
201	000686	2023-10-17 15:00:46.437652+00:00	2023-10-17 15:00:46.437675+00:00	11736585692	Cattle	5	False	False	False	22.0	11	False
202	000687	2023-10-17 15:30:18.404487+00:00	2023-11-06 22:42:52.235917+00:00	4614611787654	House mouse	3	True	False	False	8.0	9	False
203	000688	2023-10-19 20:06:41.315772+00:00	2023-10-19 20:12:02.790484+00:00	13179483710	Macaca fascicularis - Cynomolgus monkeys	4	True	False	False	4.0	103	True
204	000689	2023-10-23 20:27:48.564158+00:00	2023-10-24 20:21:54.803260+00:00	574784621711	House mouse	34	True	False	False	36.0	85	False
205	000691	2023-10-30 15:17:41.803046+00:00	2023-11-08 16:47:27.442135+00:00	15338089927	House mouse	4	False	True	False	1.0	2	True
206	000692	2023-11-03 08:53:28.963969+00:00	2024-03-21 02:28:18.396236+00:00	80537036658	C. elegans	5	False	True	False	7.0	7	False
207	000696	2023-11-11 04:51:17.187910+00:00	2023-11-11 06:30:00.930471+00:00	4744684682059	House mouse	1	True	False	False	5.0	5	False
208	000710	2023-11-13 21:37:34.851594+00:00	2023-11-13 21:37:34.851618+00:00	3086879137167	House mouse	1	True	False	False	4.0	4	False
209	000711	2023-11-14 17:08:29.884713+00:00	2023-11-21 02:01:23.795253+00:00	1508058148534	House mouse	4	False	True	False	107.0	6015	False
210	000713	2023-11-17 22:05:54.773189+00:00	2024-07-02 17:16:43.932144+00:00	4761056388409	House mouse	2	True	False	False	81.0	4293	False
211	000714	2023-11-20 21:32:21.225581+00:00	2024-02-01 18:25:00.304278+00:00	478075700	C. elegans	6	False	True	False	9.0	9	False
212	000715	2023-11-20 22:09:13.916173+00:00	2024-02-01 18:24:08.889456+00:00	835049434	C. elegans	8	False	True	False	10.0	10	False
213	000717	2023-11-30 17:03:49.840085+00:00	2024-08-22 18:31:38.757797+00:00	158204612196	House mouse	0	True	True	True	5.0	4	False
214	000723	2023-12-05 19:37:24.190508+00:00	2023-12-05 19:37:24.190521+00:00	208220320	House mouse	1	False	True	False	9.0	27	False
215	000727	2023-12-10 10:22:46.518636+00:00	2024-01-06 00:19:39.600335+00:00	609568504598	Fruit fly	6	False	True	False	9.0	18	True
216	000728	2023-12-11 05:09:39.457563+00:00	2024-08-22 18:00:45.826966+00:00	62484268521319	House mouse	1	False	True	False	271.0	3036	False
217	000732	2023-12-11 22:42:22.603999+00:00	2023-12-23 16:07:06.508817+00:00	112811769196	Human	49	True	False	False	1.0	36	False
218	000766	2023-12-12 18:43:27.269442+00:00	2024-07-27 03:59:51.607430+00:00	70529896	House mouse	3	False	False	False	4.0	366	False
219	000768	2023-12-18 18:50:53.146481+00:00	2024-03-04 20:39:45.028191+00:00	3153299188	Macaca nemestrina	5	False	False	True	3.0	51	False
220	000769	2023-12-18 18:57:38.221514+00:00	2023-12-18 18:57:38.221533+00:00	10299057874	Human	5	False	False	True	20.0	177	False
221	000773	2024-01-04 19:31:15.719296+00:00	2024-06-04 17:22:06.980271+00:00	1281980278656	Clonal raider ant	1	False	True	False	21.0	15246	False
222	000774	2024-01-09 05:13:50.004252+00:00	2024-04-25 19:23:32.682510+00:00	1358542068	House mouse	2	True	False	False	10.0	10	False
223	000776	2024-01-09 20:32:27.801335+00:00	2024-02-01 18:22:41.972446+00:00	1011743300552	C. elegans	18	False	True	False	38.0	38	False
224	000871	2024-01-19 18:43:55.864337+00:00	2024-02-15 17:05:04.042727+00:00	6263867545400	House mouse	5	False	True	False	2.0	284	False
225	000875	2024-01-24 15:59:59.693440+00:00	2024-01-24 15:59:59.693461+00:00	3607438018	Cattle	5	False	False	False	18.0	9	False
226	000876	2024-01-25 15:57:58.990029+00:00	2024-01-25 20:02:43.508768+00:00	18609018147	House mouse	1	True	False	False	1.0	26	False
227	000888	2024-02-06 17:41:05.710678+00:00	2024-02-06 17:41:05.710700+00:00	1834409113	Zebrafish	2	False	False	False	104.0	52	False
228	000891	2024-02-07 18:17:40.108989+00:00	2024-02-08 17:41:14.873772+00:00	59185589849	House mouse	12	False	False	False	63.0	87	False
229	000897	2024-02-26 20:53:07.949077+00:00	2024-06-05 19:41:18.345942+00:00	361973386790	Rhesus monkey	3	True	False	False	2.0	30	False
230	000931	2024-03-05 07:44:38.963682+00:00	2024-03-05 09:20:28.533873+00:00	177095408	House mouse	6	True	False	False	1.0	1	False
231	000932	2024-03-05 15:48:35.030063+00:00	2024-03-05 15:48:35.030083+00:00	199844377549	Sus scrofa domesticus - Domestic pig	1	True	False	False	10.0	238	False
232	000933	2024-03-06 00:30:41.849294+00:00	2024-03-06 00:30:41.849319+00:00	1715556217	Human	5	False	False	True	4.0	28	False
233	000934	2024-03-06 00:31:51.486357+00:00	2024-03-06 00:31:51.486380+00:00	755815585	Macaca nemestrina	5	False	False	True	2.0	13	False
234	000935	2024-03-06 16:20:51.867802+00:00	2024-03-19 20:10:51.769342+00:00	49105883680	House mouse	13	True	False	False	6.0	6	False
235	000938	2024-03-12 19:12:10.562597+00:00	2024-03-12 19:12:10.562619+00:00	2762531957	Human	3	False	False	False	5.0	5	False
236	000939	2024-03-14 00:26:27.286667+00:00	2024-03-15 11:51:29.735173+00:00	54772596116	House mouse	3	True	False	False	31.0	31	False
237	000940	2024-03-15 21:17:56.183415+00:00	2024-07-22 17:24:19.590094+00:00	3596791437	Human	14	True	False	False	21.0	21	False
238	000941	2024-03-18 19:39:51.187866+00:00	2024-03-18 20:15:26.489525+00:00	311792278	Rhesus monkey	3	True	False	False	3.0	11	True
239	000943	2024-03-28 13:15:33.968368+00:00	2024-03-28 13:15:33.968384+00:00	976205947390	House mouse	1	True	False	False	12.0	725	False
240	000945	2024-03-30 03:06:13.114761+00:00	2024-03-30 03:06:13.114781+00:00	524086736	Rat	4	True	False	False	10.0	75	False
241	000946	2024-03-30 06:04:45.523293+00:00	2024-03-30 06:05:44.733065+00:00	65158691744	Rat	4	True	False	False	38.0	1919	False
242	000947	2024-03-30 12:27:06.991378+00:00	2024-04-11 09:20:20.329726+00:00	1048819909625	Rhesus monkey	5	True	False	False	2.0	378	True
243	000950	2024-04-01 13:56:42.807827+00:00	2024-04-01 13:56:42.807849+00:00	1224956736	Human	10	False	False	False	3.0	47	False
244	000951	2024-04-01 14:10:35.958040+00:00	2024-04-01 14:10:35.958057+00:00	486506743673	Fruit fly	6	False	True	False	486.0	1413	False
245	000952	2024-04-02 02:19:05.334329+00:00	2024-05-15 15:47:01.433577+00:00	74361063204	Rat	1	False	False	False	73.0	213	False
246	000953	2024-04-02 04:28:59.353797+00:00	2024-04-02 04:32:01.889723+00:00	22404212	Rhesus monkey	4	True	False	False	3.0	20	True
247	000954	2024-04-02 05:00:25.799442+00:00	2024-04-02 05:00:25.799460+00:00	102258934	Human	3	True	False	False	3.0	40	True
248	000955	2024-04-03 03:30:48.187699+00:00	2024-04-03 03:30:48.187722+00:00	10556448	Rat	4	True	False	False	1.0	11	False
249	000957	2024-04-04 02:49:30.994898+00:00	2024-04-04 02:49:30.994916+00:00	530955950647	House mouse	3	True	False	False	5.0	9	False
250	000970	2024-04-25 16:26:56.547584+00:00	2024-04-25 16:26:56.547614+00:00	29647600	House mouse	14	False	False	False	46.0	46	False
251	000971	2024-04-27 01:45:05.960750+00:00	2024-08-02 20:07:03.451161+00:00	23491138657	House mouse	12	False	False	False	307.0	4133	True
252	000978	2024-05-01 14:47:00.350607+00:00	2024-05-11 02:59:36.596318+00:00	322981345984	Rat	2	True	False	False	8.0	9	False
253	000983	2024-05-06 20:59:12.283124+00:00	2024-05-13 23:07:14.713125+00:00	7441656	Unidentified	3	False	False	False	66.0	38	False
254	000987	2024-05-10 15:19:29.192835+00:00	2024-05-10 16:32:42.376194+00:00	1163037056	House mouse	3	True	False	False	3.0	14	False
255	000988	2024-05-13 21:21:48.364170+00:00	2024-05-13 21:22:30.550318+00:00	73787193680	Human	5	False	False	False	175.0	174	False
256	000989	2024-05-14 02:36:55.555253+00:00	2024-05-14 02:36:55.555270+00:00	52322892	Unidentified	3	False	False	False	8.0	257	False
257	001025	2024-05-15 20:33:08.663366+00:00	2024-05-15 20:33:08.663387+00:00	10690479132	Chinese hamster	5	False	False	False	12.0	12	False
258	001028	2024-05-16 19:10:42.432316+00:00	2024-05-16 19:10:42.432334+00:00	10869905261	Chinese hamster	5	False	False	False	6.0	6	False
259	001029	2024-05-16 21:06:01.287584+00:00	2024-05-16 21:06:01.287600+00:00	6773343496	House mouse	4	False	False	False	1.0	41	False
260	001030	2024-05-17 19:30:17.183063+00:00	2024-05-17 19:30:17.183081+00:00	51968333	House mouse	3	False	False	False	34.0	17	False
261	001031	2024-05-18 20:33:31.336567+00:00	2024-05-18 20:33:31.336584+00:00	4305334	House mouse	3	False	False	False	20.0	10	False
262	001032	2024-05-21 17:22:23.862583+00:00	2024-05-21 17:22:23.862601+00:00	118440312	Rat	3	False	False	False	14.0	178	False
263	001033	2024-05-21 17:22:45.538007+00:00	2024-05-21 17:22:45.538027+00:00	134723619	Rat	3	False	False	False	10.0	193	False
264	001034	2024-05-21 17:22:59.633414+00:00	2024-05-21 17:22:59.633430+00:00	118440312	Rat	3	False	False	False	14.0	178	False
265	001035	2024-05-21 17:23:15.380005+00:00	2024-05-21 17:23:15.380023+00:00	178384847	Rat	3	False	False	False	15.0	254	False
266	001037	2024-05-22 21:39:13.894493+00:00	2024-05-22 21:39:13.894510+00:00	4589844	House mouse	1	False	False	False	2.0	2	False
267	001038	2024-05-24 13:54:10.941834+00:00	2024-06-03 14:24:25.093506+00:00	22753138491	House mouse	14	False	False	False	105.0	1234	True
268	001044	2024-06-02 08:46:00.097734+00:00	2024-06-02 08:46:00.097753+00:00	17935587444	Rat	7	True	False	False	15.0	162	False
269	001046	2024-06-04 13:45:15.162160+00:00	2024-06-04 13:45:15.162178+00:00	1286915940	Taeniopygia guttata - Zebra finch	5	False	False	False	3.0	9	False
270	001047	2024-06-04 17:21:04.141576+00:00	2024-06-04 17:21:04.141592+00:00	14156734169	House mouse	3	False	False	False	5.0	13	False
271	001051	2024-06-05 21:28:46.759168+00:00	2024-06-06 18:18:47.332920+00:00	1808065536215	House mouse	2	True	False	False	27.0	663	False
272	001052	2024-06-10 16:59:44.419010+00:00	2024-07-20 05:16:45.950897+00:00	19510736	Rat	1	True	False	False	12.0	12	False
273	001054	2024-06-13 17:58:43.700749+00:00	2024-06-21 21:42:40.739922+00:00	56818295178	Rhesus monkey	1	True	False	False	3.0	301	False
274	001055	2024-06-14 07:38:22.119008+00:00	2024-06-14 10:01:10.120316+00:00	1253787768	Rhesus monkey	2	False	False	False	4.0	5	False
275	001056	2024-06-14 10:42:40.510060+00:00	2024-06-14 10:42:40.510078+00:00	54454695	Rhesus monkey	2	False	False	False	2.0	1	False
276	001057	2024-06-14 11:14:09.510068+00:00	2024-06-14 14:50:54.887608+00:00	2472168780	Rhesus monkey	2	False	False	False	11.0	10	False
277	001058	2024-06-14 13:42:27.754535+00:00	2024-07-01 08:50:25.116246+00:00	150032788	Rhesus monkey	2	False	False	False	2.0	1	False
278	001059	2024-06-14 14:03:06.361507+00:00	2024-06-14 14:03:06.361527+00:00	198309991	Rhesus monkey	2	False	False	False	1.0	1	False
279	001060	2024-06-14 14:14:33.080772+00:00	2024-06-14 14:14:33.080789+00:00	410749268	Rhesus monkey	2	False	False	False	1.0	1	False
280	001062	2024-06-14 18:10:23.655375+00:00	2024-06-14 18:10:23.655391+00:00	278740648	Callithrix jacchus - Common marmoset	4	True	False	False	1.0	1	False
281	001063	2024-06-17 02:19:57.276224+00:00	2024-06-17 02:19:57.276240+00:00	153184896	Fruit fly	1	False	False	False	218.0	213	False
282	001064	2024-06-17 05:28:46.214244+00:00	2024-06-23 03:10:18.805061+00:00	74912912	Fruit fly	1	False	False	False	130.0	96	False
283	001065	2024-06-18 21:29:26.250578+00:00	2024-07-10 19:10:42.648361+00:00	11539847907	Rhesus monkey	2	False	False	True	112.0	289	False
284	001069	2024-06-21 16:58:13.699396+00:00	2024-06-21 16:58:13.699413+00:00	1360390639	Rhesus monkey	1	True	False	False	2.0	10	False
285	001073	2024-06-21 22:02:41.624982+00:00	2024-06-21 22:02:41.625001+00:00	495900228	Rat	1	True	False	False	3.0	3	False
286	001075	2024-06-27 18:17:12.716594+00:00	2024-09-20 14:34:12.119536+00:00	4074234123623	C. elegans	5	False	True	False	113.0	214	True
287	001076	2024-06-27 18:30:30.864999+00:00	2024-06-27 18:30:51.854803+00:00	660278264	Zebrafish	1	False	True	False	1.0	44	False
288	001078	2024-07-01 11:09:01.762621+00:00	2024-07-01 11:09:01.762639+00:00	5683760829	Rhesus monkey	2	False	False	False	2.0	9	False
289	001084	2024-07-09 09:02:04.023305+00:00	2024-09-04 09:30:19.654615+00:00	826752561643	House mouse	16	False	True	False	16.0	179	True
290	001092	2024-07-22 15:35:15.014321+00:00	2024-08-06 14:17:01.355161+00:00	12627889	House mouse	2	False	True	False	2.0	3	False
291	001097	2024-07-29 22:05:28.073452+00:00	2024-08-14 18:00:14.200699+00:00	15616440	House mouse	1	False	False	False	2.0	2	False
292	001130	2024-07-31 11:11:45.820851+00:00	2024-08-28 13:02:31.436716+00:00	677262221	House mouse	3	True	False	False	1.0	1	False
293	001132	2024-08-02 00:38:33.938905+00:00	2024-10-01 23:30:26.076208+00:00	192373252150	Human	6	True	False	False	69.0	69	False
294	001171	2024-08-12 12:23:20.214623+00:00	2024-08-12 12:23:20.214642+00:00	911493615448	House mouse	1	False	False	False	59.0	60	False
295	001182	2024-08-27 15:59:04.324156+00:00	2024-08-27 15:59:04.324169+00:00	87598800	House mouse	2	False	False	False	15.0	15	False
296	001183	2024-08-27 21:15:18.623401+00:00	2024-08-27 21:15:18.623423+00:00	71163074	House mouse	0	False	False	False	36.0	37	False
297	001184	2024-08-29 09:28:28.816096+00:00	2024-08-29 09:28:28.816111+00:00	130937573056	House mouse	2	False	True	False	21.0	309	False
298	001187	2024-08-30 18:53:10.935242+00:00	2024-09-04 22:14:50.909321+00:00	20665003724	Human	9	True	False	False	39.0	46	False
299	001188	2024-09-04 12:36:49.925287+00:00	2024-09-12 19:24:47.221942+00:00	57581742295	House mouse	1	False	True	False	14.0	233	False
300	001190	2024-09-05 14:40:30.580826+00:00	2024-09-17 17:39:36.313437+00:00	220201651439	House mouse	2	False	True	False	8.0	16	False
301	001193	2024-09-15 10:15:00.439571+00:00	2024-09-22 05:42:31.782019+00:00	1365465792	Human	1	True	False	False	9.0	34	False
302	001195	2024-09-18 17:50:14.994221+00:00	2024-09-18 17:50:14.994235+00:00	45434634328	House mouse	4	False	True	False	12.0	74	False
303	001199	2024-09-30 20:56:27.377399+00:00	2024-10-01 00:10:13.567900+00:00	178846296	Rat	4	True	False	False	3.0	74	False
304	001200	2024-09-30 22:52:01.832688+00:00	2024-09-30 22:52:01.832713+00:00	21606720	Rat	4	True	False	False	2.0	50	False
305	001201	2024-10-01 00:19:48.975415+00:00	2024-10-01 00:34:16.840125+00:00	464855024	Rhesus monkey	1	False	False	False	2.0	7	False
306	001205	2024-10-14 19:11:27.553855+00:00	2024-10-16 18:27:16.323901+00:00	138946618210	Fruit fly	1	False	True	False	277.0	277	False
